algorithm,time_avg,std_time,min_time,max_time,perc_error_avg,perc_error_std,perc_error_min,perc_error_max,exact
solution_file_local_search,17474.870535714286,44098.410888299084,1000.2,196014.0,12.08669113952144,21.468344605906044,0.0,133.60706220488606,8
solution_file_iterative_local_search,27711.923541666667,78783.05319812898,1000.18,552040.0,7.0913364943178685,11.208119570626428,0.0,72.08506037123806,13
solution_file_tabu_search,14193.461130434785,54927.79478822381,1000.16,424056.0,5.834530864176583,9.861283242708033,0.0,59.60967331353416,16
solution_file_genetic_algorithm,31559.29547826087,57144.78931926509,7000.72,536037.0,5.870101758811619,9.357147405217418,0.0,49.726277372262786,22
